{
    "$schema": "https://schema.management.azure.com/schemas/2019-04-01/deploymentTemplate.json#",
    "contentVersion": "1.0.0.0",
    "parameters": {
        "location": {
            "type": "string",
            "minLength": 1,
            "defaultValue": "[resourceGroup().location]",
            "metadata": {
                "description": "Not used, but needed to pass arm-ttk test `Location-Should-Not-Be-Hardcoded`.  We instead use the `workspace-location` which is derived from the LA workspace"
            }
        },
        "workspace-location": {
            "type": "string",
            "defaultValue": "",
            "metadata": {
                "description": "[concat('Region to deploy solution resources -- separate from location selection',parameters('location'))]"
            }
        },
        "subscription": {
            "defaultValue": "[last(split(subscription().id, '/'))]",
            "type": "string",
            "metadata": {
                "description": "subscription id where Microsoft Sentinel is setup"
            }
        },
        "resourceGroupName": {
            "defaultValue": "[resourceGroup().name]",
            "type": "string",
            "metadata": {
                "description": "resource group name where Microsoft Sentinel is setup"
            }
        },
        "workspace": {
            "defaultValue": "",
            "type": "string",
            "metadata": {
                "description": "Workspace name for Log Analytics where Microsoft Sentinel is setup"
            }
        }
    },
    "variables": {
        "workspaceResourceId": "[resourceId('microsoft.OperationalInsights/Workspaces', parameters('workspace'))]",
        "_solutionName": "Trellix-Preview",
        "_solutionVersion": "0.1.0",
        "_solutionAuthor": "Microsoft",
        "_packageIcon": "icon",
        "_solutionId": "azuresentinel.azure-sentinel-solution-azuresentinel.azure-sentinel-TrellixConnector-preview",
        "dataConnectorVersionConnectorDefinition": "0.1.2602251137",
        "dataConnectorVersionConnections": "0.1.2602251137",
        "_solutionTier": "Community",
        "_dataConnectorContentIdConnectorDefinition": "TrellixConnectorTemplateConnectorDefinition",
        "dataConnectorTemplateNameConnectorDefinition": "[concat(parameters('workspace'),'-dc-',uniquestring(variables('_dataConnectorContentIdConnectorDefinition')))]",
        "_dataConnectorContentIdConnections": "TrellixConnectorTemplateConnections",
        "dataConnectorTemplateNameConnections": "[concat(parameters('workspace'),'-dc-',uniquestring(variables('_dataConnectorContentIdConnections')))]",
        "_logAnalyticsTableId1": "TrellixEvents_CL"
    },
    "resources": [
        {
            "type": "Microsoft.OperationalInsights/workspaces/providers/contentTemplates",
            "apiVersion": "2023-04-01-preview",
            "name": "[concat(parameters('workspace'),'/Microsoft.SecurityInsights/', variables('dataConnectorTemplateNameConnectorDefinition'), variables('dataConnectorVersionConnectorDefinition'))]",
            "location": "[parameters('workspace-location')]",
            "dependsOn": [
                "[extensionResourceId(resourceId('Microsoft.OperationalInsights/workspaces', parameters('workspace')), 'Microsoft.SecurityInsights/contentPackages', variables('_solutionId'))]"
            ],
            "properties": {
                "contentId": "[variables('_dataConnectorContentIdConnectorDefinition')]",
                "displayName": "[concat(variables('_solutionName'), variables('dataConnectorTemplateNameConnectorDefinition'))]",
                "contentKind": "DataConnector",
                "mainTemplate": {
                    "$schema": "https://schema.management.azure.com/schemas/2019-04-01/deploymentTemplate.json#",
                    "contentVersion": "[variables('dataConnectorVersionConnectorDefinition')]",
                    "parameters": {
                        
                    },
                    "variables": {
                        
                    },
                    "resources": [
                        {
                            "name": "[concat(parameters('workspace'),'/Microsoft.SecurityInsights/',concat('DataConnector-', variables('_dataConnectorContentIdConnectorDefinition')))]",
                            "apiVersion": "2022-01-01-preview",
                            "type": "Microsoft.OperationalInsights/workspaces/providers/metadata",
                            "properties": {
                                "parentId": "[extensionResourceId(resourceId('Microsoft.OperationalInsights/workspaces', parameters('workspace')), 'Microsoft.SecurityInsights/dataConnectorDefinitions', variables('_dataConnectorContentIdConnectorDefinition'))]",
                                "contentId": "[variables('_dataConnectorContentIdConnectorDefinition')]",
                                "kind": "DataConnector",
                                "version": "[variables('dataConnectorVersionConnectorDefinition')]",
                                "source": {
                                    "sourceId": "[variables('_solutionId')]",
                                    "name": "[variables('_solutionName')]",
                                    "kind": "Solution"
                                },
                                "author": {
                                    "name": "[variables('_solutionAuthor')]"
                                },
                                "support": {
                                    "name": "[variables('_solutionAuthor')]",
                                    "tier": "[variables('_solutionTier')]"
                                },
                                "dependencies": {
                                    "criteria": [
                                        {
                                            "version": "[variables('dataConnectorVersionConnections')]",
                                            "contentId": "[variables('_dataConnectorContentIdConnections')]",
                                            "kind": "ResourcesDataConnector"
                                        }
                                    ]
                                }
                            }
                        },
                        {
                            "name": "[concat(parameters('workspace'),'/Microsoft.SecurityInsights/',variables('_dataConnectorContentIdConnectorDefinition'))]",
                            "apiVersion": "2022-09-01-preview",
                            "type": "Microsoft.OperationalInsights/workspaces/providers/dataConnectorDefinitions",
                            "location": "[parameters('workspace-location')]",
                            "kind": "Customizable",
                            "properties": {
                                "connectorUiConfig": {
                                    "id": "TrellixConnector",
                                    "title": "Trellix Endpoint Security (via Codeless Connector Framework)",
                                    "publisher": "Microsoft",
                                    "descriptionMarkdown": "The [Trellix Endpoint Security](https://www.trellix.com/) data connector enables you to ingest security events from Trellix ePO (ePolicy Orchestrator) into Microsoft Sentinel. This connector uses OAuth2 client credentials authentication and automatically handles pagination to collect comprehensive endpoint security data including threat detections, analyzer information, source and target system details, and threat response actions.",
                                    "graphQueriesTableName": "TrellixEvents",
                                    "graphQueries": [
                                        {
                                            "metricName": "Trellix events",
                                            "legend": "Trellix ePO Events",
                                            "baseQuery": "TrellixEvents"
                                        }
                                    ],
                                    "sampleQueries": [
                                        {
                                            "description": "All Trellix events",
                                            "query": "{{graphQueriesTableName}}\n| sort by TimeGenerated desc"
                                        }
                                    ],
                                    "dataTypes": [
                                        {
                                            "name": "TrellixEvents",
                                            "lastDataReceivedQuery": "TrellixEvents\n| where TimeGenerated > ago(6h)\n| summarize Time = max(TimeGenerated)\n| where isnotempty(Time)"
                                        }
                                    ],
                                    "connectivityCriteria": [
                                        {
                                            "type": "HasDataConnectors"
                                        },
                                        {
                                            "type": "IsConnectedQuery",
                                            "value": [
                                                "TrellixEvents | where TimeGenerated > ago(1h) | take 1"
                                            ]
                                        }
                                    ],
                                    "availability": {
                                        "isPreview": true,
                                        "status": 1
                                    },
                                    "permissions": {
                                        "resourceProvider": [
                                            {
                                                "provider": "Microsoft.OperationalInsights/workspaces",
                                                "permissionsDisplayText": "Read and Write permissions are required.",
                                                "providerDisplayName": "Workspace",
                                                "scope": "Workspace",
                                                "requiredPermissions": {
                                                    "write": true,
                                                    "read": true,
                                                    "delete": true,
                                                    "action": false
                                                }
                                            }
                                        ]
                                    },
                                    "instructionSteps": [
                                        {
                                            "title": "1. API Configuration",
                                            "description": "Configure your Trellix ePO API connection.",
                                            "instructions": [
                                                {
                                                    "type": "Textbox",
                                                    "parameters": {
                                                        "label": "API Base URL",
                                                        "placeholder": "https://api.manage.trellix.com",
                                                        "type": "text",
                                                        "name": "trellixApiBaseUrl",
                                                        "validations": {
                                                            "required": true
                                                        }
                                                    }
                                                },
                                                {
                                                    "type": "Markdown",
                                                    "parameters": {
                                                        "content": "## Authentication\n\nProvide your API key for authentication. This will be sent in the x-api-key header."
                                                    }
                                                },
                                                {
                                                    "type": "Textbox",
                                                    "parameters": {
                                                        "label": "API Key",
                                                        "placeholder": "Enter your API key",
                                                        "type": "password",
                                                        "name": "apiKey",
                                                        "validations": {
                                                            "required": true
                                                        }
                                                    }
                                                },
                                                {
                                                    "type": "InfoMessage",
                                                    "parameters": {
                                                        "text": "The API key will be securely stored and used for authentication with the Trellix ePO API.",
                                                        "visible": true,
                                                        "inline": true
                                                    }
                                                }
                                            ]
                                        },
                                        {
                                            "title": "2. Authentication Configuration",
                                            "description": "Configure OAuth2 authentication credentials.",
                                            "instructions": [
                                                {
                                                    "type": "Textbox",
                                                    "parameters": {
                                                        "label": "Token endpoint",
                                                        "placeholder": "https://iam.cloud.trellix.com/iam/v1.0/token",
                                                        "type": "text",
                                                        "name": "trellixAuthTokenUrl",
                                                        "validations": {
                                                            "required": true
                                                        }
                                                    }
                                                },
                                                {
                                                    "type": "Markdown",
                                                    "parameters": {
                                                        "content": "### OAuth2 Configuration\nConfigure OAuth2 client credentials for API access. Read about the Trellix API authorization model at https://developer.manage.trellix.com/public/mvision/docs/umam"
                                                    }
                                                },
                                                {
                                                    "type": "Textbox",
                                                    "parameters": {
                                                        "label": "Client ID",
                                                        "placeholder": "Your client ID",
                                                        "type": "text",
                                                        "name": "clientId",
                                                        "validations": {
                                                            "required": true
                                                        }
                                                    }
                                                },
                                                {
                                                    "type": "Textbox",
                                                    "parameters": {
                                                        "label": "Client Secret",
                                                        "placeholder": "Your client secret",
                                                        "type": "password",
                                                        "name": "clientSecret",
                                                        "validations": {
                                                            "required": true
                                                        }
                                                    }
                                                },
                                                {
                                                    "type": "InfoMessage",
                                                    "parameters": {
                                                        "text": "OAuth2 authentication provides secure access to your API endpoints.",
                                                        "visible": true,
                                                        "inline": true
                                                    }
                                                }
                                            ]
                                        },
                                        {
                                            "title": "3. Enable Connector",
                                            "description": "Activate the Trellix Endpoint Security connector",
                                            "instructions": [
                                                {
                                                    "type": "Markdown",
                                                    "parameters": {
                                                        "content": "### Connector Activation\n\nReview your configuration and enable the connector to start collecting security events."
                                                    }
                                                },
                                                {
                                                    "type": "ConnectionToggleButton",
                                                    "parameters": {
                                                        "connectLabel": "Connect Trellix Endpoint Security",
                                                        "disconnectLabel": "Disconnect Connector",
                                                        "name": "mainToggle"
                                                    }
                                                },
                                                {
                                                    "type": "Markdown",
                                                    "parameters": {
                                                        "content": "### Post-Connection\n\nAfter connecting, monitor the connector status in the **Data connectors** page. Data should begin appearing within 5-10 minutes."
                                                    }
                                                }
                                            ]
                                        }
                                    ]
                                }
                            }
                        },
                        {
                            "name": "TrellixDCR",
                            "apiVersion": "2021-09-01-preview",
                            "type": "Microsoft.Insights/dataCollectionRules",
                            "location": "[parameters('workspace-location')]",
                            "kind": null,
                            "properties": {
                                "dataCollectionEndpointId": "{{DataCollectionEndpointId}}",
                                "streamDeclarations": {
                                    "Custom-TrellixEvents_CL": {
                                        "columns": [
                                            {
                                                "name": "id",
                                                "type": "string"
                                            },
                                            {
                                                "name": "type",
                                                "type": "string"
                                            },
                                            {
                                                "name": "attributes",
                                                "type": "dynamic"
                                            }
                                        ]
                                    }
                                },
                                "destinations": {
                                    "logAnalytics": [
                                        {
                                            "workspaceResourceId": "[variables('workspaceResourceId')]",
                                            "name": "clv2ws1"
                                        }
                                    ]
                                },
                                "dataFlows": [
                                    {
                                        "streams": [
                                            "Custom-TrellixEvents_CL"
                                        ],
                                        "destinations": [
                                            "clv2ws1"
                                        ],
                                        "outputStream": "Custom-TrellixEvents_CL",
                                        "transformKql": "source  | project TimeGenerated=now(),Id=tostring(id),EventType=tostring(type),AutoGuid=tostring(attributes.autoguid),DetectedUtc=datetime(1970-01-01)+(tolong(attributes.detectedutc)*1ms),ReceivedUtc=datetime(1970-01-01)+(tolong(attributes.receivedutc)*1ms),AgentGuid=tostring(attributes.agentguid),Analyzer=tostring(attributes.analyzer),AnalyzerName=tostring(attributes.analyzername),AnalyzerVersion=tostring(attributes.analyzerversion),AnalyzerHostName=tostring(attributes.analyzerhostname),AnalyzerIPv4=tostring(attributes.analyzeripv4),AnalyzerIPv6=tostring(attributes.analyzeripv6),AnalyzerMac=tostring(attributes.analyzermac),AnalyzerDatVersion=tostring(attributes.analyzerdatversion),AnalyzerEngineVersion=tostring(attributes.analyzerengineversion),AnalyzerDetectionMethod=tostring(attributes.analyzerdetectionmethod),SourceHostName=tostring(attributes.sourcehostname),SourceIPv4=tostring(attributes.sourceipv4),SourceIPv6=tostring(attributes.sourceipv6),SourceMac=tostring(attributes.sourcemac),SourceUserName=tostring(attributes.sourceusername),SourceProcessName=tostring(attributes.sourceprocessname),SourceUrl=tostring(attributes.sourceurl),TargetHostName=tostring(attributes.targethostname),TargetIPv4=tostring(attributes.targetipv4),TargetIPv6=tostring(attributes.targetipv6),TargetMac=tostring(attributes.targetmac),TargetUserName=tostring(attributes.targetusername),TargetPort=tostring(attributes.targetport),TargetProtocol=tostring(attributes.targetprotocol),TargetProcessName=tostring(attributes.targetprocessname),TargetFileName=tostring(attributes.targetfilename),ThreatCategory=tostring(attributes.threatcategory),ThreatEventId=toint(attributes.threateventid),ThreatSeverity=tostring(attributes.threatseverity),ThreatName=tostring(attributes.threatname),ThreatType=tostring(attributes.threattype),ThreatActionTaken=tostring(attributes.threatactiontaken),ThreatHandled=tobool(attributes.threathandled),Timestamp=todatetime(attributes.timestamp),NodePath=tostring(attributes.nodepath),TargetHash=tostring(attributes.targethash)"
                                    }
                                ]
                            }
                        },
                        {
                            "name": "[concat(parameters('workspace'),'/TrellixEventsAliasFunction')]",
                            "apiVersion": "2023-09-01",
                            "type": "Microsoft.OperationalInsights/workspaces/savedSearches",
                            "location": "[parameters('workspace-location')]",
                            "kind": null,
                            "properties": {
                                "eTag": "*",
                                "displayName": "TrellixEvents",
                                "category": "Microsoft Sentinel Parser",
                                "functionAlias": "TrellixEvents",
                                "query": "union isfuzzy=true TrellixEvents_CL, SentinelTrellixEvents",
                                "functionParameters": "",
                                "version": 2
                            }
                        },
                        {
                            "name": "[variables('_logAnalyticsTableId1')]",
                            "apiVersion": "2021-03-01-privatepreview",
                            "type": "Microsoft.OperationalInsights/workspaces/tables",
                            "location": "[parameters('workspace-location')]",
                            "kind": null,
                            "properties": {
                                "retentionInDays": 180,
                                "categories": [
                                    "security"
                                ],
                                "artifactVersion": 1,
                                "intelligencePacks": [
                                    "SecurityInsights"
                                ],
                                "isResourceCentric": false,
                                "tableState": "Validation",
                                "isTroubleshootingAllowed": true,
                                "isLakeAllowed": true,
                                "schema": {
                                    "name": "[variables('_logAnalyticsTableId1')]",
                                    "description": "Trellix Endpoint Security events data collected from the Trellix ePO events API.",
                                    "columns": [
                                        {
                                            "name": "TimeGenerated",
                                            "type": "datetime",
                                            "description": "The timestamp (in UTC) when the event was generated.",
                                            "isDefaultDisplay": true
                                        },
                                        {
                                            "name": "Id",
                                            "type": "string",
                                            "description": "Identifier of the event."
                                        },
                                        {
                                            "name": "EventType",
                                            "type": "string",
                                            "description": "Type of the event provided by Trellix."
                                        },
                                        {
                                            "name": "AutoGuid",
                                            "type": "string",
                                            "description": "Auto GUID field."
                                        },
                                        {
                                            "name": "DetectedUtc",
                                            "type": "datetime",
                                            "description": "UTC timestamp at which the event was detected."
                                        },
                                        {
                                            "name": "ReceivedUtc",
                                            "type": "datetime",
                                            "description": "UTC timestamp at which the event was received."
                                        },
                                        {
                                            "name": "AgentGuid",
                                            "type": "string",
                                            "description": "GUID of the agent."
                                        },
                                        {
                                            "name": "Analyzer",
                                            "type": "string",
                                            "description": "Analyzer information."
                                        },
                                        {
                                            "name": "AnalyzerName",
                                            "type": "string",
                                            "description": "Name of the analyzer."
                                        },
                                        {
                                            "name": "AnalyzerVersion",
                                            "type": "string",
                                            "description": "Version of the analyzer."
                                        },
                                        {
                                            "name": "AnalyzerHostName",
                                            "type": "string",
                                            "description": "Host name of the analyzer."
                                        },
                                        {
                                            "name": "AnalyzerIPv4",
                                            "type": "string",
                                            "description": "IPv4 address of the analyzer."
                                        },
                                        {
                                            "name": "AnalyzerIPv6",
                                            "type": "string",
                                            "description": "IPv6 address of the analyzer."
                                        },
                                        {
                                            "name": "AnalyzerMac",
                                            "type": "string",
                                            "description": "MAC address of the analyzer."
                                        },
                                        {
                                            "name": "AnalyzerDatVersion",
                                            "type": "string",
                                            "description": "DAT version of the analyzer."
                                        },
                                        {
                                            "name": "AnalyzerEngineVersion",
                                            "type": "string",
                                            "description": "Engine version of the analyzer."
                                        },
                                        {
                                            "name": "AnalyzerDetectionMethod",
                                            "type": "string",
                                            "description": "Detection method of the analyzer."
                                        },
                                        {
                                            "name": "SourceHostName",
                                            "type": "string",
                                            "description": "Host name of the event source."
                                        },
                                        {
                                            "name": "SourceIPv4",
                                            "type": "string",
                                            "description": "IPv4 address of the event source."
                                        },
                                        {
                                            "name": "SourceIPv6",
                                            "type": "string",
                                            "description": "IPv6 address of the event source."
                                        },
                                        {
                                            "name": "SourceMac",
                                            "type": "string",
                                            "description": "MAC address of the event source."
                                        },
                                        {
                                            "name": "SourceUserName",
                                            "type": "string",
                                            "description": "User name of the event source."
                                        },
                                        {
                                            "name": "SourceProcessName",
                                            "type": "string",
                                            "description": "Process name of the event source."
                                        },
                                        {
                                            "name": "SourceUrl",
                                            "type": "string",
                                            "description": "URL of the event source."
                                        },
                                        {
                                            "name": "TargetHostName",
                                            "type": "string",
                                            "description": "Host name of the event target."
                                        },
                                        {
                                            "name": "TargetIPv4",
                                            "type": "string",
                                            "description": "IPv4 address of the event target."
                                        },
                                        {
                                            "name": "TargetIPv6",
                                            "type": "string",
                                            "description": "IPv6 address of the event target."
                                        },
                                        {
                                            "name": "TargetMac",
                                            "type": "string",
                                            "description": "MAC address of the event target."
                                        },
                                        {
                                            "name": "TargetUserName",
                                            "type": "string",
                                            "description": "User name of the event target."
                                        },
                                        {
                                            "name": "TargetPort",
                                            "type": "string",
                                            "description": "Port of the event target."
                                        },
                                        {
                                            "name": "TargetProtocol",
                                            "type": "string",
                                            "description": "Protocol of the event target."
                                        },
                                        {
                                            "name": "TargetProcessName",
                                            "type": "string",
                                            "description": "Process name of the event target."
                                        },
                                        {
                                            "name": "TargetFileName",
                                            "type": "string",
                                            "description": "File name of the event target."
                                        },
                                        {
                                            "name": "ThreatCategory",
                                            "type": "string",
                                            "description": "Category of the threat."
                                        },
                                        {
                                            "name": "ThreatEventId",
                                            "type": "int",
                                            "description": "ID of the threat event."
                                        },
                                        {
                                            "name": "ThreatSeverity",
                                            "type": "string",
                                            "description": "Severity of the threat."
                                        },
                                        {
                                            "name": "ThreatName",
                                            "type": "string",
                                            "description": "Name of the threat."
                                        },
                                        {
                                            "name": "ThreatType",
                                            "type": "string",
                                            "description": "Type of the threat."
                                        },
                                        {
                                            "name": "ThreatActionTaken",
                                            "type": "string",
                                            "description": "Action taken for the threat."
                                        },
                                        {
                                            "name": "ThreatHandled",
                                            "type": "boolean",
                                            "description": "Indicates if the threat was handled."
                                        },
                                        {
                                            "name": "Timestamp",
                                            "type": "datetime",
                                            "description": "Timestamp of the event."
                                        },
                                        {
                                            "name": "NodePath",
                                            "type": "string",
                                            "description": "Path of the node."
                                        },
                                        {
                                            "name": "TargetHash",
                                            "type": "string",
                                            "description": "Hash of the event target."
                                        }
                                    ]
                                }
                            }
                        }
                    ]
                },
                "packageKind": "Solution",
                "packageVersion": "[variables('_solutionVersion')]",
                "packageName": "[variables('_solutionName')]",
                "contentProductId": "[concat(substring(variables('_solutionId'), 0, 50),'-','dc','-', uniqueString(concat(variables('_solutionId'),'-','DataConnector','-',variables('_dataConnectorContentIdConnectorDefinition'),'-', variables('dataConnectorVersionConnectorDefinition'))))]",
                "packageId": "[variables('_solutionId')]",
                "contentSchemaVersion": "3.0.0",
                "version": "[variables('_solutionVersion')]"
            }
        },
        {
            "name": "[concat(parameters('workspace'),'/Microsoft.SecurityInsights/',variables('_dataConnectorContentIdConnectorDefinition'))]",
            "apiVersion": "2022-09-01-preview",
            "type": "Microsoft.OperationalInsights/workspaces/providers/dataConnectorDefinitions",
            "location": "[parameters('workspace-location')]",
            "kind": "Customizable",
            "properties": {
                "connectorUiConfig": {
                    "id": "TrellixConnector",
                    "title": "Trellix Endpoint Security (via Codeless Connector Framework)",
                    "publisher": "Microsoft",
                    "descriptionMarkdown": "The [Trellix Endpoint Security](https://www.trellix.com/) data connector enables you to ingest security events from Trellix ePO (ePolicy Orchestrator) into Microsoft Sentinel. This connector uses OAuth2 client credentials authentication and automatically handles pagination to collect comprehensive endpoint security data including threat detections, analyzer information, source and target system details, and threat response actions.",
                    "graphQueriesTableName": "TrellixEvents",
                    "graphQueries": [
                        {
                            "metricName": "Trellix events",
                            "legend": "Trellix ePO Events",
                            "baseQuery": "TrellixEvents"
                        }
                    ],
                    "sampleQueries": [
                        {
                            "description": "All Trellix events",
                            "query": "{{graphQueriesTableName}}\n| sort by TimeGenerated desc"
                        }
                    ],
                    "dataTypes": [
                        {
                            "name": "TrellixEvents",
                            "lastDataReceivedQuery": "TrellixEvents\n| where TimeGenerated > ago(6h)\n| summarize Time = max(TimeGenerated)\n| where isnotempty(Time)"
                        }
                    ],
                    "connectivityCriteria": [
                        {
                            "type": "HasDataConnectors"
                        },
                        {
                            "type": "IsConnectedQuery",
                            "value": [
                                "TrellixEvents | where TimeGenerated > ago(1h) | take 1"
                            ]
                        }
                    ],
                    "availability": {
                        "isPreview": true,
                        "status": 1
                    },
                    "permissions": {
                        "resourceProvider": [
                            {
                                "provider": "Microsoft.OperationalInsights/workspaces",
                                "permissionsDisplayText": "Read and Write permissions are required.",
                                "providerDisplayName": "Workspace",
                                "scope": "Workspace",
                                "requiredPermissions": {
                                    "write": true,
                                    "read": true,
                                    "delete": true,
                                    "action": false
                                }
                            }
                        ]
                    },
                    "instructionSteps": [
                        {
                            "title": "1. API Configuration",
                            "description": "Configure your Trellix ePO API connection.",
                            "instructions": [
                                {
                                    "type": "Textbox",
                                    "parameters": {
                                        "label": "API Base URL",
                                        "placeholder": "https://api.manage.trellix.com",
                                        "type": "text",
                                        "name": "trellixApiBaseUrl",
                                        "validations": {
                                            "required": true
                                        }
                                    }
                                },
                                {
                                    "type": "Markdown",
                                    "parameters": {
                                        "content": "## Authentication\n\nProvide your API key for authentication. This will be sent in the x-api-key header."
                                    }
                                },
                                {
                                    "type": "Textbox",
                                    "parameters": {
                                        "label": "API Key",
                                        "placeholder": "Enter your API key",
                                        "type": "password",
                                        "name": "apiKey",
                                        "validations": {
                                            "required": true
                                        }
                                    }
                                },
                                {
                                    "type": "InfoMessage",
                                    "parameters": {
                                        "text": "The API key will be securely stored and used for authentication with the Trellix ePO API.",
                                        "visible": true,
                                        "inline": true
                                    }
                                }
                            ]
                        },
                        {
                            "title": "2. Authentication Configuration",
                            "description": "Configure OAuth2 authentication credentials.",
                            "instructions": [
                                {
                                    "type": "Textbox",
                                    "parameters": {
                                        "label": "Token endpoint",
                                        "placeholder": "https://iam.cloud.trellix.com/iam/v1.0/token",
                                        "type": "text",
                                        "name": "trellixAuthTokenUrl",
                                        "validations": {
                                            "required": true
                                        }
                                    }
                                },
                                {
                                    "type": "Markdown",
                                    "parameters": {
                                        "content": "### OAuth2 Configuration\nConfigure OAuth2 client credentials for API access. Read about the Trellix API authorization model at https://developer.manage.trellix.com/public/mvision/docs/umam"
                                    }
                                },
                                {
                                    "type": "Textbox",
                                    "parameters": {
                                        "label": "Client ID",
                                        "placeholder": "Your client ID",
                                        "type": "text",
                                        "name": "clientId",
                                        "validations": {
                                            "required": true
                                        }
                                    }
                                },
                                {
                                    "type": "Textbox",
                                    "parameters": {
                                        "label": "Client Secret",
                                        "placeholder": "Your client secret",
                                        "type": "password",
                                        "name": "clientSecret",
                                        "validations": {
                                            "required": true
                                        }
                                    }
                                },
                                {
                                    "type": "InfoMessage",
                                    "parameters": {
                                        "text": "OAuth2 authentication provides secure access to your API endpoints.",
                                        "visible": true,
                                        "inline": true
                                    }
                                }
                            ]
                        },
                        {
                            "title": "3. Enable Connector",
                            "description": "Activate the Trellix Endpoint Security connector",
                            "instructions": [
                                {
                                    "type": "Markdown",
                                    "parameters": {
                                        "content": "### Connector Activation\n\nReview your configuration and enable the connector to start collecting security events."
                                    }
                                },
                                {
                                    "type": "ConnectionToggleButton",
                                    "parameters": {
                                        "connectLabel": "Connect Trellix Endpoint Security",
                                        "disconnectLabel": "Disconnect Connector",
                                        "name": "mainToggle"
                                    }
                                },
                                {
                                    "type": "Markdown",
                                    "parameters": {
                                        "content": "### Post-Connection\n\nAfter connecting, monitor the connector status in the **Data connectors** page. Data should begin appearing within 5-10 minutes."
                                    }
                                }
                            ]
                        }
                    ]
                }
            }
        },
        {
            "name": "[concat(parameters('workspace'),'/Microsoft.SecurityInsights/',concat('DataConnector-', variables('_dataConnectorContentIdConnectorDefinition')))]",
            "apiVersion": "2022-01-01-preview",
            "type": "Microsoft.OperationalInsights/workspaces/providers/metadata",
            "properties": {
                "parentId": "[extensionResourceId(resourceId('Microsoft.OperationalInsights/workspaces', parameters('workspace')), 'Microsoft.SecurityInsights/dataConnectorDefinitions', variables('_dataConnectorContentIdConnectorDefinition'))]",
                "contentId": "[variables('_dataConnectorContentIdConnectorDefinition')]",
                "kind": "DataConnector",
                "version": "[variables('dataConnectorVersionConnectorDefinition')]",
                "source": {
                    "sourceId": "[variables('_solutionId')]",
                    "name": "[variables('_solutionName')]",
                    "kind": "Solution"
                },
                "author": {
                    "name": "[variables('_solutionAuthor')]"
                },
                "support": {
                    "name": "[variables('_solutionAuthor')]",
                    "tier": "[variables('_solutionTier')]"
                },
                "dependencies": {
                    "criteria": [
                        {
                            "version": "[variables('dataConnectorVersionConnections')]",
                            "contentId": "[variables('_dataConnectorContentIdConnections')]",
                            "kind": "ResourcesDataConnector"
                        }
                    ]
                }
            }
        },
        {
            "name": "[concat(parameters('workspace'),'/TrellixEventsAliasFunction')]",
            "apiVersion": "2023-09-01",
            "type": "Microsoft.OperationalInsights/workspaces/savedSearches",
            "location": "[parameters('workspace-location')]",
            "kind": null,
            "properties": {
                "eTag": "*",
                "displayName": "TrellixEvents",
                "category": "Microsoft Sentinel Parser",
                "functionAlias": "TrellixEvents",
                "query": "union isfuzzy=true TrellixEvents_CL, SentinelTrellixEvents",
                "functionParameters": "",
                "version": 2
            }
        },
        {
            "type": "Microsoft.OperationalInsights/workspaces/providers/contentTemplates",
            "apiVersion": "2023-04-01-preview",
            "name": "[concat(parameters('workspace'),'/Microsoft.SecurityInsights/', variables('dataConnectorTemplateNameConnections'), variables('dataConnectorVersionConnections'))]",
            "location": "[parameters('workspace-location')]",
            "dependsOn": [
                "[extensionResourceId(resourceId('Microsoft.OperationalInsights/workspaces', parameters('workspace')), 'Microsoft.SecurityInsights/contentPackages', variables('_solutionId'))]"
            ],
            "properties": {
                "contentId": "[variables('_dataConnectorContentIdConnections')]",
                "displayName": "[concat(variables('_solutionName'), variables('dataConnectorTemplateNameConnections'))]",
                "contentKind": "ResourcesDataConnector",
                "mainTemplate": {
                    "$schema": "https://schema.management.azure.com/schemas/2019-04-01/deploymentTemplate.json#",
                    "contentVersion": "[variables('dataConnectorVersionConnections')]",
                    "parameters": {
                        "connectorDefinitionName": {
                            "defaultValue": "connectorDefinitionName",
                            "type": "string",
                            "minLength": 1
                        },
                        "workspace": {
                            "defaultValue": "[parameters('workspace')]",
                            "type": "string"
                        },
                        "dcrConfig": {
                            "defaultValue": {
                                "dataCollectionEndpoint": "data collection Endpoint",
                                "dataCollectionRuleImmutableId": "data collection rule immutableId"
                            },
                            "type": "object"
                        },
                        "trellixApiBaseUrl": {
                            "defaultValue": "trellixApiBaseUrl",
                            "type": "string"
                        },
                        "apiKey": {
                            "defaultValue": "apiKey",
                            "type": "securestring"
                        },
                        "trellixAuthTokenUrl": {
                            "defaultValue": "trellixAuthTokenUrl",
                            "type": "string"
                        },
                        "clientId": {
                            "defaultValue": "clientId",
                            "type": "string"
                        },
                        "clientSecret": {
                            "defaultValue": "clientSecret",
                            "type": "securestring"
                        }
                    },
                    "variables": {
                        "_dataConnectorContentIdConnections": "[variables('_dataConnectorContentIdConnections')]"
                    },
                    "resources": [
                        {
                            "name": "[concat(parameters('workspace'),'/Microsoft.SecurityInsights/',concat('DataConnector-', variables('_dataConnectorContentIdConnections')))]",
                            "apiVersion": "2022-01-01-preview",
                            "type": "Microsoft.OperationalInsights/workspaces/providers/metadata",
                            "properties": {
                                "parentId": "[extensionResourceId(resourceId('Microsoft.OperationalInsights/workspaces', parameters('workspace')), 'Microsoft.SecurityInsights/dataConnectors', variables('_dataConnectorContentIdConnections'))]",
                                "contentId": "[variables('_dataConnectorContentIdConnections')]",
                                "kind": "ResourcesDataConnector",
                                "version": "[variables('dataConnectorVersionConnections')]",
                                "source": {
                                    "sourceId": "[variables('_solutionId')]",
                                    "name": "[variables('_solutionName')]",
                                    "kind": "Solution"
                                },
                                "author": {
                                    "name": "[variables('_solutionAuthor')]"
                                },
                                "support": {
                                    "name": "[variables('_solutionAuthor')]",
                                    "tier": "[variables('_solutionTier')]"
                                }
                            }
                        },
                        {
                            "name": "[concat(parameters('workspace'),'/Microsoft.SecurityInsights/', 'TrellixPoller')]",
                            "apiVersion": "2022-12-01-preview",
                            "type": "Microsoft.OperationalInsights/workspaces/providers/dataConnectors",
                            "location": "[parameters('workspace-location')]",
                            "kind": "RestApiPoller",
                            "properties": {
                                "auth": {
                                    "type": "OAuth2",
                                    "ClientId": "[[parameters('ClientId')]",
                                    "ClientSecret": "[[parameters('ClientSecret')]",
                                    "GrantType": "client_credentials",
                                    "TokenEndpoint": "[[parameters('trellixAuthTokenUrl')]",
                                    "Scope": "epo.device.r epo.device.w epo.tags.r epo.tags.w epo.evt.r",
                                    "TokenEndpointHeaders": {
                                        "Content-Type": "application/x-www-form-urlencoded",
                                        "Authorization": "[[concat('Basic ',base64(concat(parameters('clientId'),':',parameters('clientSecret'))))]"
                                    }
                                },
                                "request": {
                                    "apiEndpoint": "[[concat(parameters('trellixApiBaseUrl'), '/epo/v2/events')]",
                                    "httpMethod": "GET",
                                    "rateLimitQPS": 3,
                                    "queryWindowInMin": 30,
                                    "retryCount": 3,
                                    "timeoutInSeconds": 30,
                                    "headers": {
                                        "User-Agent": "MS-Sentinel-CCF-Trellix",
                                        "Content-Type": "application/vnd.api+json",
                                        "Accept": "application/json",
                                        "x-api-key": "[[parameters('apiKey')]"
                                    },
                                    "queryParameters": {
                                        "page[limit]": "1000",
                                        "sort": "timestamp",
                                        "filter[timestamp][GE]": "{_QueryWindowStartTime}"
                                    }
                                },
                                "response": {
                                    "eventsJsonPaths": [
                                        "$.data[*]"
                                    ],
                                    "format": "json"
                                },
                                "paging": {
                                    "pagingType": "NextPageUrl",
                                    "nextPageUrl": "[[parameters('trellixApiBaseUrl')]",
                                    "nextPageTokenJsonPath": "$.links.next",
                                    "isNextPageTokenRelativeUrl": true
                                },
                                "connectorDefinitionName": "[[parameters('connectorDefinitionName')]",
                                "dataType": "TrellixEvents",
                                "dcrConfig": {
                                    "streamName": "Custom-TrellixEvents_CL",
                                    "dataCollectionEndpoint": "[[parameters('dcrConfig').dataCollectionEndpoint]",
                                    "dataCollectionRuleImmutableId": "[[parameters('dcrConfig').dataCollectionRuleImmutableId]"
                                }
                            }
                        }
                    ]
                },
                "packageKind": "Solution",
                "packageVersion": "[variables('_solutionVersion')]",
                "packageName": "[variables('_solutionName')]",
                "contentProductId": "[concat(substring(variables('_solutionId'), 0, 50),'-','rdc','-', uniqueString(concat(variables('_solutionId'),'-','ResourcesDataConnector','-',variables('_dataConnectorContentIdConnections'),'-', variables('dataConnectorVersionConnections'))))]",
                "packageId": "[variables('_solutionId')]",
                "contentSchemaVersion": "3.0.0",
                "version": "[variables('_solutionVersion')]"
            }
        },
        {
            "type": "Microsoft.OperationalInsights/workspaces/providers/contentPackages",
            "name": "[concat(parameters('workspace'),'/Microsoft.SecurityInsights/', variables('_solutionId'))]",
            "location": "[parameters('workspace-location')]",
            "apiVersion": "2023-04-01-preview",
            "properties": {
                "version": "[variables('_solutionVersion')]",
                "kind": "Solution",
                "contentSchemaVersion": "3.0.0",
                "contentId": "[variables('_solutionId')]",
                "source": {
                    "kind": "Solution",
                    "name": "[variables('_solutionName')]",
                    "sourceId": "[variables('_solutionId')]"
                },
                "author": {
                    "name": "[variables('_solutionAuthor')]"
                },
                "support": {
                    "name": "[variables('_solutionAuthor')]"
                },
                "dependencies": {
                    "operator": "AND",
                    "criteria": [
                        {
                            "kind": "DataConnector",
                            "contentId": "[variables('dataConnectorVersionConnectorDefinition')]",
                            "version": "[variables('_dataConnectorContentIdConnectorDefinition')]"
                        }
                    ]
                },
                "firstPublishDate": "2022-06-24",
                "providers": [
                    "[variables('_solutionAuthor')]"
                ],
                "contentKind": "Solution",
                "packageId": "[variables('_solutionId')]",
                "contentProductId": "[concat(substring(variables('_solutionId'), 0, 50),'-','sl','-', uniqueString(concat(variables('_solutionId'),'-','Solution','-',variables('_solutionId'),'-', variables('_solutionVersion'))))]",
                "displayName": "[variables('_solutionName')]",
                "publisherDisplayName": "[variables('_solutionId')]",
                "descriptionHtml": "test",
                "icon": "[variables('_packageIcon')]"
            }
        }
    ]
}
